JORDAN 1 Retro Low Og Ex Mens Shoes,$129.04,3.7 out of 5 stars,7 ratings,$129.04$129.04,http://amazon.com/Jordan-White-Royal-Blue-Black-White-553558-140/dp/B0CKGYLT14/ref=sr_1_8?keywords=jordan&qid=1701086761&sr=8-8,
Nike Air Jordan Big Boys' Jumpman Classics Pullover Hoodie,$66.0,4.2 out of 5 stars,75 ratings,$66.00$66.00,http://amazon.com/Nike-Jordan-Jumpman-Classics-Pullover/dp/B08GM8TN9S/ref=sr_1_1?keywords=jordan&qid=1701086761&sr=8-1,
NIKE Jordan Boys Youth Jumpman Fleece Sweatshirt Hoodie Size M, L, XL,$49.98,4.7 out of 5 stars,11 ratings,$49.98$49.98,http://amazon.com/Jordan-Jumpman-Sweatshirt-Heather-12-13yrs/dp/B07H1FFR1J/ref=sr_1_10?keywords=jordan&qid=1701086761&sr=8-10,
Nike Men's Basketball,$123.99,4.6 out of 5 stars,740 ratings,$123.99$123.99,http://amazon.com/Nike-Retro-DD1399-Black-White/dp/B0B1VXQ1KX/ref=sr_1_2?keywords=jordan&qid=1701086761&sr=8-2,
NIKE Men's Basketball Shoes,$119.99,4.6 out of 5 stars,1280 ratings,$119.99$119.99,http://amazon.com/Nike-Jordan-University-Black-White-DQ8423-401/dp/B0C8T5QJW5/ref=sr_1_4?keywords=jordan&qid=1701086761&sr=8-4,
Nike Mens Jordan Flight Fleece Men's Washed Pullover Hoodie Taxi,$61.27,4.2 out of 5 stars,18 ratings,$61.27$61.27,http://amazon.com/Nike-Jordan-Essentials-Fleece-regular/dp/B0BX5VRV62/ref=sr_1_9?keywords=jordan&qid=1701086761&sr=8-9,
Nike Men's Basketball Shoes Sneakers,$100.0,4.6 out of 5 stars,7457 ratings,$100.00$100.00,http://amazon.com/Nike-Red-White-DQ8426-060-us_Footwear_Size_System-Numeric_12/dp/B0BWRVFR2J/ref=sr_1_6?keywords=jordan&qid=1701086761&sr=8-6,
NIKE Men's Basketball Shoes,$88.99,4.5 out of 5 stars,4460 ratings,$88.99$88.99,http://amazon.com/Nike-Jordan-Sundial-DX4334-008/dp/B0C6SNGVLY/ref=sr_1_5?keywords=jordan&qid=1701086761&sr=8-5,
Nike Mens Jordan Dub Zero Cherrywood Basketball Sneakers,$124.99,4.7 out of 5 stars,124 ratings,$124.99$124.99,http://amazon.com/Nike-Jordan-Basketball-Black-Fossil/dp/B0BT3QBWWB/ref=sr_1_7?keywords=jordan&qid=1701086761&sr=8-7,
Nike Men Basketball Shoes,$111.56,4.6 out of 5 stars,7457 ratings,$111.56$111.56,http://amazon.com/Jordan-Nike-Shoes-Red-White-DQ8426-060/dp/B0BS46X5CM/ref=sr_1_3?keywords=jordan&qid=1701086761&sr=8-3,
